product_name,image_url,source,alt_text
Set Of 2 Wooden Market Crates,https://m.media-amazon.com/images/I/41aiv6GcBdL._AC_UL320_.jpg,shopping_sites,Image of Set Of 2 Wooden Market Crates
Christmas Star Wish List Chalkboard,https://m.media-amazon.com/images/I/71ZeTtUL4PL._AC_UL320_.jpg,shopping_sites,Image of Christmas Star Wish List Chalkboard
Storage Tin Vintage Leaf,https://m.media-amazon.com/images/I/71bYxMARepL._AC_UL320_.jpg,shopping_sites,Image of Storage Tin Vintage Leaf
Tree T-Light Holder Willie Winkie,https://m.media-amazon.com/images/I/71DoqS28lqL._AC_UL320_.jpg,shopping_sites,Image of Tree T-Light Holder Willie Winkie
Set Of 4 Knick Knack Tins Poppies,https://m.media-amazon.com/images/I/61-nPh4vqyL._AC_UL320_.jpg,shopping_sites,Image of Set Of 4 Knick Knack Tins Poppies
Bag 500g Swirly Marbles,https://m.media-amazon.com/images/I/81YmBDIy03L._AC_UL320_.jpg,shopping_sites,Image of Bag 500g Swirly Marbles
Joy Wooden Block Letters,https://m.media-amazon.com/images/I/51DlpavkoSL._AC_UL320_.jpg,shopping_sites,Image of Joy Wooden Block Letters
Peace Wooden Block Letters,https://m.media-amazon.com/images/I/71MhvjMrPLL._AC_UL320_.jpg,shopping_sites,Image of Peace Wooden Block Letters
T-Light Holder Hanging Lace,https://m.media-amazon.com/images/I/81Y2iKWl4XL._AC_UL320_.jpg,shopping_sites,Image of T-Light Holder Hanging Lace
T-Light Holder White Lace,https://m.media-amazon.com/images/I/81Y2iKWl4XL._AC_UL320_.jpg,shopping_sites,Image of T-Light Holder White Lace
Toy Tidy Spaceboy,https://m.media-amazon.com/images/I/715KfZ80OiL._AC_UL320_.jpg,shopping_sites,Image of Toy Tidy Spaceboy
Grow Your Own Flowers Set Of 3,https://m.media-amazon.com/images/I/81iIRqXfmoL._AC_UL320_.jpg,shopping_sites,Image of Grow Your Own Flowers Set Of 3
Toy Tidy Dolly Girl Design,https://m.media-amazon.com/images/I/817wpPa+SzL._AC_UL320_.jpg,shopping_sites,Image of Toy Tidy Dolly Girl Design
Set Of 3 Cake Tins Sketchbook,https://m.media-amazon.com/images/I/51SQ4b+n59L._AC_UL320_.jpg,shopping_sites,Image of Set Of 3 Cake Tins Sketchbook
Set Of 6 Herb Tins Sketchbook,https://m.media-amazon.com/images/I/81EqKS52VLL._AC_UL320_.jpg,shopping_sites,Image of Set Of 6 Herb Tins Sketchbook
Squarecushion Cover Pink Union Jack,https://m.media-amazon.com/images/I/71sM3PEy57L._AC_UL320_.jpg,shopping_sites,Image of Squarecushion Cover Pink Union Jack
36 Foil Star Cake Cases,https://m.media-amazon.com/images/I/71gF6VM2AyL._AC_UL320_.jpg,shopping_sites,Image of 36 Foil Star Cake Cases
Triple Wire Hook Pink Heart,https://m.media-amazon.com/images/I/71R+fTwR60L._AC_UL320_.jpg,shopping_sites,Image of Triple Wire Hook Pink Heart
36 Foil Heart Cake Cases,https://m.media-amazon.com/images/I/81P88oV2ssL._AC_UL320_.jpg,shopping_sites,Image of 36 Foil Heart Cake Cases
Wood Stocking Christmas Scandispot,https://m.media-amazon.com/images/I/61sE75A4YfL._AC_UL320_.jpg,shopping_sites,Image of Wood Stocking Christmas Scandispot
Pantry Magnetic Shopping List,https://m.media-amazon.com/images/I/61FMf0WEMZL._AC_UL320_.jpg,shopping_sites,Image of Pantry Magnetic Shopping List
Sketchbook Magnetic Shopping List,https://m.media-amazon.com/images/I/71iOZMn4bOL._AC_UL320_.jpg,shopping_sites,Image of Sketchbook Magnetic Shopping List
Bull Dog Bottle Opener,https://m.media-amazon.com/images/I/81iIumBKtwL._AC_UL320_.jpg,shopping_sites,Image of Bull Dog Bottle Opener
Classic Cafe Sugar Dispenser,https://m.media-amazon.com/images/I/71-pcJIUN6L._AC_UL320_.jpg,shopping_sites,Image of Classic Cafe Sugar Dispenser
Small Ceramic Top Storage Jar,https://m.media-amazon.com/images/I/61Y7aJ5B83L._AC_UL320_.jpg,shopping_sites,Image of Small Ceramic Top Storage Jar
Medium Ceramic Top Storage Jar,https://m.media-amazon.com/images/I/61Y7aJ5B83L._AC_UL320_.jpg,shopping_sites,Image of Medium Ceramic Top Storage Jar
Large Ceramic Top Storage Jar,https://m.media-amazon.com/images/I/61Y7aJ5B83L._AC_UL320_.jpg,shopping_sites,Image of Large Ceramic Top Storage Jar
Travel Card Wallet Pantry,https://m.media-amazon.com/images/I/718vQ6nbBYL._AC_UL320_.jpg,shopping_sites,Image of Travel Card Wallet Pantry
Travel Card Wallet Skulls,https://m.media-amazon.com/images/I/81x4gmDK1vL._AC_UL320_.jpg,shopping_sites,Image of Travel Card Wallet Skulls
Travel Card Wallet Transport,https://m.media-amazon.com/images/I/71kltFyP7QL._AC_UL320_.jpg,shopping_sites,Image of Travel Card Wallet Transport
Travel Card Wallet Keep Calm,https://m.media-amazon.com/images/I/717iD8FVZ6L._AC_UL320_.jpg,shopping_sites,Image of Travel Card Wallet Keep Calm
Travel Card Wallet Retrospot,https://m.media-amazon.com/images/I/71EeU0AURiL._AC_UL320_.jpg,shopping_sites,Image of Travel Card Wallet Retrospot
Hot Water Bottle I Am So Poorly,https://m.media-amazon.com/images/I/51SUtDjr-VL._AC_UL320_.jpg,shopping_sites,Image of Hot Water Bottle I Am So Poorly
Alarm Clock Bakelike Ivory,https://m.media-amazon.com/images/I/61ArDGvpZlL._AC_UL320_.jpg,shopping_sites,Image of Alarm Clock Bakelike Ivory
Alarm Clock Bakelike Pink,https://m.media-amazon.com/images/I/61qClPO7QNL._AC_UL320_.jpg,shopping_sites,Image of Alarm Clock Bakelike Pink
Alarm Clock Bakelike Red,https://m.media-amazon.com/images/I/61+A4bsw3QL._AC_UL320_.jpg,shopping_sites,Image of Alarm Clock Bakelike Red
Alarm Clock Bakelike Green,https://m.media-amazon.com/images/I/61pl9lN-8rL._AC_UL320_.jpg,shopping_sites,Image of Alarm Clock Bakelike Green
Set Of 3 Cake Tins Pantry Design,https://m.media-amazon.com/images/I/61GhObsaCqL._AC_UL320_.jpg,shopping_sites,Image of Set Of 3 Cake Tins Pantry Design
Grow A Flytrap Or Sunflower In Tin,https://m.media-amazon.com/images/I/81xLTZXjyPL._AC_UL320_.jpg,shopping_sites,Image of Grow A Flytrap Or Sunflower In Tin
French Wc Sign Blue Metal,https://m.media-amazon.com/images/I/6152v-JBl+L._AC_UL320_.jpg,shopping_sites,Image of French Wc Sign Blue Metal
Recipe Box Retrospot,https://m.media-amazon.com/images/I/81bDiaVXkJL._AC_UL320_.jpg,shopping_sites,Image of Recipe Box Retrospot
Recipe Box Pantry Yellow Design,https://m.media-amazon.com/images/I/81THByub7EL._AC_UL320_.jpg,shopping_sites,Image of Recipe Box Pantry Yellow Design
Circus Parade Lunch Box,https://m.media-amazon.com/images/I/81chttZyL1L._AC_UL320_.jpg,shopping_sites,Image of Circus Parade Lunch Box
Picnic Boxes Set Of 3 Retrospot,https://m.media-amazon.com/images/I/71ca9v+whHL._AC_UL320_.jpg,shopping_sites,Image of Picnic Boxes Set Of 3 Retrospot
Gumball Coat Rack,https://m.media-amazon.com/images/I/51RiBc12xBL._AC_UL320_.jpg,shopping_sites,Image of Gumball Coat Rack
Popcorn Holder,https://m.media-amazon.com/images/I/71WfCxMsiNL._AC_UL320_.jpg,shopping_sites,Image of Popcorn Holder
Hot Water Bottle Tea And Sympathy,https://m.media-amazon.com/images/I/61iAF0pBz2L._AC_UL320_.jpg,shopping_sites,Image of Hot Water Bottle Tea And Sympathy
Chocolate Hot Water Bottle,https://m.media-amazon.com/images/I/81eWOcLWB9L._AC_UL320_.jpg,shopping_sites,Image of Chocolate Hot Water Bottle
Chocolate This Way Metal Sign,https://m.media-amazon.com/images/I/81YSACIg1fL._AC_UL320_.jpg,shopping_sites,Image of Chocolate This Way Metal Sign
Gin And Tonic Mug,https://m.media-amazon.com/images/I/61CP2Owj0HL._AC_UL320_.jpg,shopping_sites,Image of Gin And Tonic Mug
Glamorous Mug,https://m.media-amazon.com/images/I/61zsj5--x+L._AC_UL320_.jpg,shopping_sites,Image of Glamorous Mug
Save The Planet Mug,https://m.media-amazon.com/images/I/71Q4g3VQ+VL._AC_UL320_.jpg,shopping_sites,Image of Save The Planet Mug
Retrospot Large Milk Jug,https://m.media-amazon.com/images/I/61rxGLu2QUL._AC_UL320_.jpg,shopping_sites,Image of Retrospot Large Milk Jug
Fawn Blue Hot Water Bottle,https://m.media-amazon.com/images/I/71TtViGr1ZL._AC_UL320_.jpg,shopping_sites,Image of Fawn Blue Hot Water Bottle
White Skull Hot Water Bottle,https://m.media-amazon.com/images/I/61e-Bh8qGaL._AC_UL320_.jpg,shopping_sites,Image of White Skull Hot Water Bottle
Door Hanger Mum + Dads Room,https://m.media-amazon.com/images/I/71esYqnG1JL._AC_UL320_.jpg,shopping_sites,Image of Door Hanger Mum + Dads Room
Set 3 Retrospot Tea/Coffee/Sugar,https://m.media-amazon.com/images/I/61VTLF5wssL._AC_UL320_.jpg,shopping_sites,Image of Set 3 Retrospot Tea/Coffee/Sugar
Please One Person Metal Sign,https://m.media-amazon.com/images/I/71rzLDzlQDL._AC_UL320_.jpg,shopping_sites,Image of Please One Person Metal Sign
Gin And Tonic Diet Metal Sign,https://m.media-amazon.com/images/I/7196Dq111DL._AC_UL320_.jpg,shopping_sites,Image of Gin And Tonic Diet Metal Sign
You're Confusing Me Metal Sign,https://m.media-amazon.com/images/I/718fjjomH+L._AC_UY218_.jpg,shopping_sites,Image of You're Confusing Me Metal Sign
Toxic Area Door Hanger,https://m.media-amazon.com/images/I/51EDL3NlgdL._AC_UY218_.jpg,shopping_sites,Image of Toxic Area Door Hanger
Moody Boy Door Hanger,https://m.media-amazon.com/images/I/51V0Si9Sw0L._AC_UL320_.jpg,shopping_sites,Image of Moody Boy Door Hanger
Moody Girl Door Hanger,https://m.media-amazon.com/images/I/61OZb2FVh+L._AC_UL320_.jpg,shopping_sites,Image of Moody Girl Door Hanger
Red Retrospot Oven Glove,https://m.media-amazon.com/images/I/913htkUWyML._AC_UL320_.jpg,shopping_sites,Image of Red Retrospot Oven Glove
Large Chinese Style Scissor,https://m.media-amazon.com/images/I/41cj7V3gaOL._AC_UL320_.jpg,shopping_sites,Image of Large Chinese Style Scissor
Small Chinese Style Scissor,https://m.media-amazon.com/images/I/41d7A6dEUBL._AC_UL320_.jpg,shopping_sites,Image of Small Chinese Style Scissor
Small Folding Scissor(Pointed Edge),https://m.media-amazon.com/images/I/71X5aRAi86L._AC_UL320_.jpg,shopping_sites,Image of Small Folding Scissor(Pointed Edge)
Hand Over The Chocolate Sign,https://m.media-amazon.com/images/I/01RmK+J4pJL._AC_UL320_.gif,shopping_sites,Image of Hand Over The Chocolate Sign
Small Marshmallows Pink Bowl,https://m.media-amazon.com/images/I/61UMG+4Dc6L._AC_UL320_.jpg,shopping_sites,Image of Small Marshmallows Pink Bowl
Small Dolly Mix Design Orange Bowl,https://m.media-amazon.com/images/I/61jZQn9RmZL._AC_UL320_.jpg,shopping_sites,Image of Small Dolly Mix Design Orange Bowl
Set Of 4 English Rose Coasters,https://m.media-amazon.com/images/I/81fx6kZRQoL._AC_UL320_.jpg,shopping_sites,Image of Set Of 4 English Rose Coasters
N0 Singing Metal Sign,https://m.media-amazon.com/images/I/71hApAhwZ1L._AC_UY218_.jpg,shopping_sites,Image of N0 Singing Metal Sign
Toilet Metal Sign,https://m.media-amazon.com/images/I/613Y9l2YE1L._AC_UL320_.jpg,shopping_sites,Image of Toilet Metal Sign
Feng Shui Pillar Candle,https://m.media-amazon.com/images/I/71U4YkCLRwL._AC_UL320_.jpg,shopping_sites,Image of Feng Shui Pillar Candle
Tea Time Oven Glove,https://m.media-amazon.com/images/I/81gkVJUVE6L._AC_UL320_.jpg,shopping_sites,Image of Tea Time Oven Glove
English Rose Spirit Level,https://m.media-amazon.com/images/I/71bVcqMjFfL._AC_UL320_.jpg,shopping_sites,Image of English Rose Spirit Level
Vintage Doily Travel Sewing Kit,https://m.media-amazon.com/images/I/61gJ0qJ+c1L._AC_UL320_.jpg,shopping_sites,Image of Vintage Doily Travel Sewing Kit
Blue Retro Kitchen Wall Clock,https://m.media-amazon.com/images/I/81SJgi1Yf6L._AC_UL320_.jpg,shopping_sites,Image of Blue Retro Kitchen Wall Clock
Red Retro Kitchen Wall Clock,https://m.media-amazon.com/images/I/81MTrTTzO6L._AC_UL320_.jpg,shopping_sites,Image of Red Retro Kitchen Wall Clock
Ivory Retro Kitchen Wall Clock,https://m.media-amazon.com/images/I/91TjVd5GSaL._AC_UL320_.jpg,shopping_sites,Image of Ivory Retro Kitchen Wall Clock
Hot Stuff Hot Water Bottle,https://m.media-amazon.com/images/I/81ZARln59DL._AC_UL320_.jpg,shopping_sites,Image of Hot Stuff Hot Water Bottle
Set Of 12 Fairy Cake Baking Cases,https://m.media-amazon.com/images/I/81bCW23cZZL._AC_UL320_.jpg,shopping_sites,Image of Set Of 12 Fairy Cake Baking Cases
Set Of Tea Coffee Sugar Tins Pantry,https://m.media-amazon.com/images/I/81Yu0P04aHL._AC_UL320_.jpg,shopping_sites,Image of Set Of Tea Coffee Sugar Tins Pantry
Set Of 4 Knick Knack Tins Doily,https://m.media-amazon.com/images/I/61sJgjadl2L._AC_UL320_.jpg,shopping_sites,Image of Set Of 4 Knick Knack Tins Doily
Doormat 3 Smiley Cats,https://m.media-amazon.com/images/I/914KzM75i9L._AC_UL320_.jpg,shopping_sites,Image of Doormat 3 Smiley Cats
Hanging Metal Heart Lantern,https://m.media-amazon.com/images/I/71Ct0irRewL._AC_UL320_.jpg,shopping_sites,Image of Hanging Metal Heart Lantern
12 Pencils Tall Tube Skulls,https://m.media-amazon.com/images/I/81nPEt9hSbL._AC_UL320_.jpg,shopping_sites,Image of 12 Pencils Tall Tube Skulls
12 Pencils Tall Tube Woodland,https://m.media-amazon.com/images/I/712Qv+E+lnL._AC_UL320_.jpg,shopping_sites,Image of 12 Pencils Tall Tube Woodland
Gingham Recipe Book Box,https://m.media-amazon.com/images/I/714UEgIeTKL._AC_UL320_.jpg,shopping_sites,Image of Gingham Recipe Book Box
Egg Frying Pan Red,https://m.media-amazon.com/images/I/6107+8-hFtL._AC_UL320_.jpg,shopping_sites,Image of Egg Frying Pan Red
Single Heart Zinc T-Light Holder,https://m.media-amazon.com/images/I/61xOsCjR+1L._AC_UL320_.jpg,shopping_sites,Image of Single Heart Zinc T-Light Holder
Natural Slate Heart Chalkboard,https://m.media-amazon.com/images/I/71WQwTwqO1L._AC_UL320_.jpg,shopping_sites,Image of Natural Slate Heart Chalkboard
Heart Of Wicker Small,https://m.media-amazon.com/images/I/610iv7BogbL._AC_UL320_.jpg,shopping_sites,Image of Heart Of Wicker Small
Set Of 20 Vintage Christmas Napkins,https://m.media-amazon.com/images/I/91ZZgN46rYL._AC_UL320_.jpg,shopping_sites,Image of Set Of 20 Vintage Christmas Napkins
Antique Silver Tea Glass Engraved,https://m.media-amazon.com/images/I/81rVJZBpaTL._AC_UL320_.jpg,shopping_sites,Image of Antique Silver Tea Glass Engraved
Playing Cards Keep Calm & Carry On,https://m.media-amazon.com/images/I/61Cio3SjZ2L._AC_UL320_.jpg,shopping_sites,Image of Playing Cards Keep Calm & Carry On
Ice Cream Bubbles,https://m.media-amazon.com/images/I/81SPosmUSqL._AC_UL320_.jpg,shopping_sites,Image of Ice Cream Bubbles
Wall Art Only One Person,https://m.media-amazon.com/images/I/718ZiqoM1aL._AC_UL320_.jpg,shopping_sites,Image of Wall Art Only One Person
Childrens Cutlery Polkadot Blue,https://m.media-amazon.com/images/I/61GqwSfF7gL._AC_UL320_.jpg,shopping_sites,Image of Childrens Cutlery Polkadot Blue
