product_name,image_url
Set Of 2 Wooden Market Crates,https://m.media-amazon.com/images/I/41aiv6GcBdL._AC_UL320_.jpg
Christmas Star Wish List Chalkboard,https://m.media-amazon.com/images/I/71ZeTtUL4PL._AC_UL320_.jpg
Storage Tin Vintage Leaf,https://m.media-amazon.com/images/I/71bYxMARepL._AC_UL320_.jpg
Tree T-Light Holder Willie Winkie,https://m.media-amazon.com/images/I/71DoqS28lqL._AC_UL320_.jpg
Set Of 4 Knick Knack Tins Poppies,https://m.media-amazon.com/images/I/61-nPh4vqyL._AC_UL320_.jpg
Bag 500g Swirly Marbles,https://m.media-amazon.com/images/I/81YmBDIy03L._AC_UL320_.jpg
Joy Wooden Block Letters,https://m.media-amazon.com/images/I/51DlpavkoSL._AC_UL320_.jpg
Peace Wooden Block Letters,https://m.media-amazon.com/images/I/71MhvjMrPLL._AC_UL320_.jpg
T-Light Holder Hanging Lace,https://m.media-amazon.com/images/I/81Y2iKWl4XL._AC_UL320_.jpg
T-Light Holder White Lace,https://m.media-amazon.com/images/I/81Y2iKWl4XL._AC_UL320_.jpg
Toy Tidy Spaceboy,https://m.media-amazon.com/images/I/715KfZ80OiL._AC_UL320_.jpg
Grow Your Own Flowers Set Of 3,https://m.media-amazon.com/images/I/81iIRqXfmoL._AC_UL320_.jpg
Toy Tidy Dolly Girl Design,https://m.media-amazon.com/images/I/817wpPa+SzL._AC_UL320_.jpg
Set Of 3 Cake Tins Sketchbook,https://m.media-amazon.com/images/I/51SQ4b+n59L._AC_UL320_.jpg
Set Of 6 Herb Tins Sketchbook,https://m.media-amazon.com/images/I/81EqKS52VLL._AC_UL320_.jpg
Squarecushion Cover Pink Union Jack,https://m.media-amazon.com/images/I/71sM3PEy57L._AC_UL320_.jpg
36 Foil Star Cake Cases,https://m.media-amazon.com/images/I/71gF6VM2AyL._AC_UL320_.jpg
Triple Wire Hook Pink Heart,https://m.media-amazon.com/images/I/71R+fTwR60L._AC_UL320_.jpg
36 Foil Heart Cake Cases,https://m.media-amazon.com/images/I/81P88oV2ssL._AC_UL320_.jpg
Wood Stocking Christmas Scandispot,https://m.media-amazon.com/images/I/61sE75A4YfL._AC_UL320_.jpg
Pantry Magnetic Shopping List,https://m.media-amazon.com/images/I/61FMf0WEMZL._AC_UL320_.jpg
Sketchbook Magnetic Shopping List,https://m.media-amazon.com/images/I/71iOZMn4bOL._AC_UL320_.jpg
Bull Dog Bottle Opener,https://m.media-amazon.com/images/I/81iIumBKtwL._AC_UL320_.jpg
Classic Cafe Sugar Dispenser,https://m.media-amazon.com/images/I/71-pcJIUN6L._AC_UL320_.jpg
Small Ceramic Top Storage Jar,https://m.media-amazon.com/images/I/61Y7aJ5B83L._AC_UL320_.jpg
Medium Ceramic Top Storage Jar,https://m.media-amazon.com/images/I/61Y7aJ5B83L._AC_UL320_.jpg
Large Ceramic Top Storage Jar,https://m.media-amazon.com/images/I/61Y7aJ5B83L._AC_UL320_.jpg
Travel Card Wallet Pantry,https://m.media-amazon.com/images/I/718vQ6nbBYL._AC_UL320_.jpg
Travel Card Wallet Skulls,https://m.media-amazon.com/images/I/81x4gmDK1vL._AC_UL320_.jpg
Travel Card Wallet Transport,https://m.media-amazon.com/images/I/71kltFyP7QL._AC_UL320_.jpg
Travel Card Wallet Keep Calm,https://m.media-amazon.com/images/I/717iD8FVZ6L._AC_UL320_.jpg
Travel Card Wallet Retrospot,https://m.media-amazon.com/images/I/71EeU0AURiL._AC_UL320_.jpg
Hot Water Bottle I Am So Poorly,https://m.media-amazon.com/images/I/51SUtDjr-VL._AC_UL320_.jpg
Alarm Clock Bakelike Ivory,https://m.media-amazon.com/images/I/61ArDGvpZlL._AC_UL320_.jpg
Alarm Clock Bakelike Pink,https://m.media-amazon.com/images/I/61qClPO7QNL._AC_UL320_.jpg
Alarm Clock Bakelike Red,https://m.media-amazon.com/images/I/61+A4bsw3QL._AC_UL320_.jpg
Alarm Clock Bakelike Green,https://m.media-amazon.com/images/I/61pl9lN-8rL._AC_UL320_.jpg
Set Of 3 Cake Tins Pantry Design,https://m.media-amazon.com/images/I/61GhObsaCqL._AC_UL320_.jpg
Grow A Flytrap Or Sunflower In Tin,https://m.media-amazon.com/images/I/81xLTZXjyPL._AC_UL320_.jpg
French Wc Sign Blue Metal,https://m.media-amazon.com/images/I/6152v-JBl+L._AC_UL320_.jpg
Recipe Box Retrospot,https://m.media-amazon.com/images/I/81bDiaVXkJL._AC_UL320_.jpg
Recipe Box Pantry Yellow Design,https://m.media-amazon.com/images/I/81THByub7EL._AC_UL320_.jpg
Circus Parade Lunch Box,https://m.media-amazon.com/images/I/81chttZyL1L._AC_UL320_.jpg
Picnic Boxes Set Of 3 Retrospot,https://m.media-amazon.com/images/I/71ca9v+whHL._AC_UL320_.jpg
Gumball Coat Rack,https://m.media-amazon.com/images/I/51RiBc12xBL._AC_UL320_.jpg
Popcorn Holder,https://m.media-amazon.com/images/I/71WfCxMsiNL._AC_UL320_.jpg
Hot Water Bottle Tea And Sympathy,https://m.media-amazon.com/images/I/61iAF0pBz2L._AC_UL320_.jpg
Chocolate Hot Water Bottle,https://m.media-amazon.com/images/I/81eWOcLWB9L._AC_UL320_.jpg
Chocolate This Way Metal Sign,https://m.media-amazon.com/images/I/81YSACIg1fL._AC_UL320_.jpg
Gin And Tonic Mug,https://m.media-amazon.com/images/I/61CP2Owj0HL._AC_UL320_.jpg
Glamorous Mug,https://m.media-amazon.com/images/I/61zsj5--x+L._AC_UL320_.jpg
Save The Planet Mug,https://m.media-amazon.com/images/I/71Q4g3VQ+VL._AC_UL320_.jpg
Retrospot Large Milk Jug,https://m.media-amazon.com/images/I/61rxGLu2QUL._AC_UL320_.jpg
Fawn Blue Hot Water Bottle,https://m.media-amazon.com/images/I/71TtViGr1ZL._AC_UL320_.jpg
White Skull Hot Water Bottle,https://m.media-amazon.com/images/I/61e-Bh8qGaL._AC_UL320_.jpg
Door Hanger Mum + Dads Room,https://m.media-amazon.com/images/I/71esYqnG1JL._AC_UL320_.jpg
Set 3 Retrospot Tea/Coffee/Sugar,https://m.media-amazon.com/images/I/61VTLF5wssL._AC_UL320_.jpg
Please One Person Metal Sign,https://m.media-amazon.com/images/I/71rzLDzlQDL._AC_UL320_.jpg
Gin And Tonic Diet Metal Sign,https://m.media-amazon.com/images/I/7196Dq111DL._AC_UL320_.jpg
You're Confusing Me Metal Sign,https://m.media-amazon.com/images/I/718fjjomH+L._AC_UY218_.jpg
Toxic Area Door Hanger,https://m.media-amazon.com/images/I/51EDL3NlgdL._AC_UY218_.jpg
Moody Boy Door Hanger,https://m.media-amazon.com/images/I/51V0Si9Sw0L._AC_UL320_.jpg
Moody Girl Door Hanger,https://m.media-amazon.com/images/I/61OZb2FVh+L._AC_UL320_.jpg
Red Retrospot Oven Glove,https://m.media-amazon.com/images/I/913htkUWyML._AC_UL320_.jpg
Large Chinese Style Scissor,https://m.media-amazon.com/images/I/41cj7V3gaOL._AC_UL320_.jpg
Small Chinese Style Scissor,https://m.media-amazon.com/images/I/41d7A6dEUBL._AC_UL320_.jpg
Small Folding Scissor(Pointed Edge),https://m.media-amazon.com/images/I/71X5aRAi86L._AC_UL320_.jpg
Hand Over The Chocolate Sign,https://m.media-amazon.com/images/I/01RmK+J4pJL._AC_UL320_.gif
Small Marshmallows Pink Bowl,https://m.media-amazon.com/images/I/61UMG+4Dc6L._AC_UL320_.jpg
Small Dolly Mix Design Orange Bowl,https://m.media-amazon.com/images/I/61jZQn9RmZL._AC_UL320_.jpg
Set Of 4 English Rose Coasters,https://m.media-amazon.com/images/I/81fx6kZRQoL._AC_UL320_.jpg
N0 Singing Metal Sign,https://m.media-amazon.com/images/I/71hApAhwZ1L._AC_UY218_.jpg
Toilet Metal Sign,https://m.media-amazon.com/images/I/613Y9l2YE1L._AC_UL320_.jpg
Feng Shui Pillar Candle,https://m.media-amazon.com/images/I/71U4YkCLRwL._AC_UL320_.jpg
Tea Time Oven Glove,https://m.media-amazon.com/images/I/81gkVJUVE6L._AC_UL320_.jpg
English Rose Spirit Level,https://m.media-amazon.com/images/I/71bVcqMjFfL._AC_UL320_.jpg
Vintage Doily Travel Sewing Kit,https://m.media-amazon.com/images/I/61gJ0qJ+c1L._AC_UL320_.jpg
Blue Retro Kitchen Wall Clock,https://m.media-amazon.com/images/I/81SJgi1Yf6L._AC_UL320_.jpg
Red Retro Kitchen Wall Clock,https://m.media-amazon.com/images/I/81MTrTTzO6L._AC_UL320_.jpg
Ivory Retro Kitchen Wall Clock,https://m.media-amazon.com/images/I/91TjVd5GSaL._AC_UL320_.jpg
Hot Stuff Hot Water Bottle,https://m.media-amazon.com/images/I/81ZARln59DL._AC_UL320_.jpg
Set Of 12 Fairy Cake Baking Cases,https://m.media-amazon.com/images/I/81bCW23cZZL._AC_UL320_.jpg
Set Of Tea Coffee Sugar Tins Pantry,https://m.media-amazon.com/images/I/81Yu0P04aHL._AC_UL320_.jpg
Set Of 4 Knick Knack Tins Doily,https://m.media-amazon.com/images/I/61sJgjadl2L._AC_UL320_.jpg
Doormat 3 Smiley Cats,https://m.media-amazon.com/images/I/914KzM75i9L._AC_UL320_.jpg
Hanging Metal Heart Lantern,https://m.media-amazon.com/images/I/71Ct0irRewL._AC_UL320_.jpg
12 Pencils Tall Tube Skulls,https://m.media-amazon.com/images/I/81nPEt9hSbL._AC_UL320_.jpg
12 Pencils Tall Tube Woodland,https://m.media-amazon.com/images/I/712Qv+E+lnL._AC_UL320_.jpg
Gingham Recipe Book Box,https://m.media-amazon.com/images/I/714UEgIeTKL._AC_UL320_.jpg
Egg Frying Pan Red,https://m.media-amazon.com/images/I/6107+8-hFtL._AC_UL320_.jpg
Single Heart Zinc T-Light Holder,https://m.media-amazon.com/images/I/61xOsCjR+1L._AC_UL320_.jpg
Natural Slate Heart Chalkboard,https://m.media-amazon.com/images/I/71WQwTwqO1L._AC_UL320_.jpg
Heart Of Wicker Small,https://m.media-amazon.com/images/I/610iv7BogbL._AC_UL320_.jpg
Set Of 20 Vintage Christmas Napkins,https://m.media-amazon.com/images/I/91ZZgN46rYL._AC_UL320_.jpg
Antique Silver Tea Glass Engraved,https://m.media-amazon.com/images/I/81rVJZBpaTL._AC_UL320_.jpg
Playing Cards Keep Calm & Carry On,https://m.media-amazon.com/images/I/61Cio3SjZ2L._AC_UL320_.jpg
Ice Cream Bubbles,https://m.media-amazon.com/images/I/81SPosmUSqL._AC_UL320_.jpg
Wall Art Only One Person,https://m.media-amazon.com/images/I/718ZiqoM1aL._AC_UL320_.jpg
Childrens Cutlery Polkadot Blue,https://m.media-amazon.com/images/I/61GqwSfF7gL._AC_UL320_.jpg
